<?xml version="1.0"?>
<?xml-stylesheet type="text/xsl" href="http://cdk.svn.sourceforge.net/viewvc/*checkout*/cdk/trunk/cdk/src/org/openscience/cdk/config/data/html.xsl?content-type=text%2Fxml"?>
<atomTypeList xmlns="http://www.xml-cml.org/schema"
  xmlns:xsi="http://www.w3.org/2001/XMLSchema-instance" 
  xsi:schemaLocation="http://www.xml-cml.org/schema ../../io/cml/data/cml25b1.xsd"

  xmlns:cvs="https://www.cvshome.org/"
  xmlns:cdk="http://cdk.sf.net/dict/cdk/"

  id="mmff94" title="MMFF94 AtomTypes">

  <metadataList>
    <metadata name="cvs:last-change-by" content="$Author$"/>
    <metadata name="cvs:date" content="$Date$"/>
    <metadata name="cvs:revision" content="$Revision$"/>
  </metadataList>
  
  <atomType id="C">
	<!-- for example in CC-->
    <atom elementType="C" formalCharge="0">
      <scalar dataType="xsd:double" dictRef="cdk:maxBondOrder">1.0</scalar>
      <scalar dataType="xsd:double" dictRef="cdk:bondOrderSum">4.0</scalar>
      <scalar dataType="xsd:integer" dictRef="cdk:formalNeighbourCount">4</scalar>
      <scalar dataType="xsd:integer" dictRef="cdk:valency">4</scalar>
   </atom>
      <scalar dataType="xsd:string" dictRef="cdk:hybridization">sp3</scalar>
      <scalar dataType="xsd:string" dictRef="cdk:DA">-</scalar>
      <scalar dataType="xsd:string" dictRef="cdk:sphericalMatcher">C-[0-4][+]?+;[A-Za-z+-]{0,6}[(].*+</scalar>
  </atomType>
  <atomType id="Csp2">
   <!-- for example in C=C -->
    <atom elementType="C" formalCharge="0">
      <scalar dataType="xsd:double" dictRef="cdk:maxBondOrder">2.0</scalar>
      <scalar dataType="xsd:double" dictRef="cdk:bondOrderSum">3.0</scalar>
      <scalar dataType="xsd:integer" dictRef="cdk:formalNeighbourCount">3</scalar>
      <scalar dataType="xsd:integer" dictRef="cdk:valency">4</scalar>
    </atom>
      <scalar dataType="xsd:string" dictRef="cdk:hybridization">sp2</scalar>
      <scalar dataType="xsd:string" dictRef="cdk:DA">-</scalar>
      <scalar dataType="xsd:string" dictRef="cdk:sphericalMatcher">[C]-[1-3];[H]{0,2}+[A-Za-z]*+=[C]{1}+.*+</scalar>
  </atomType>
  <atomType id="CdoubleBonded">
  <!-- for example in >C=0,P,S -->
    <label value="C="/>
    <atom elementType="C" formalCharge="0">
      <scalar dataType="xsd:double" dictRef="cdk:maxBondOrder">2.0</scalar>
      <scalar dataType="xsd:double" dictRef="cdk:bondOrderSum">3.0</scalar>
      <scalar dataType="xsd:integer" dictRef="cdk:formalNeighbourCount">3</scalar>
      <scalar dataType="xsd:integer" dictRef="cdk:valency">4</scalar>
   </atom>
    <scalar dataType="xsd:string" dictRef="cdk:hybridization">sp2</scalar>
    <scalar dataType="xsd:string" dictRef="cdk:DA">-</scalar>
    <scalar dataType="xsd:string" dictRef="cdk:sphericalMatcher">[CS]-[0-3];[H]{0,2}+[A-Za-z]*+=[NOPS]{1}+.*+</scalar>
  </atomType>
 <atomType id="Csp">
  <!-- for example in >C=0 -->
    <atom elementType="C" formalCharge="0">
      <scalar dataType="xsd:double" dictRef="cdk:maxBondOrder">3.0</scalar>
      <scalar dataType="xsd:double" dictRef="cdk:bondOrderSum">4.0</scalar>
      <scalar dataType="xsd:integer" dictRef="cdk:formalNeighbourCount">2</scalar>
      <scalar dataType="xsd:integer" dictRef="cdk:valency">4</scalar>
	</atom>
    <scalar dataType="xsd:string" dictRef="cdk:hybridization">sp1</scalar>
    <scalar dataType="xsd:string" dictRef="cdk:DA">-</scalar>
    <scalar dataType="xsd:string" dictRef="cdk:sphericalMatcher">C-[0-2];[H]{0,1}+%.*+</scalar>
  </atomType>
  <atomType id="CO2M">
  <!-- for example in COO- -->
    <atom elementType="C" formalCharge="-1">
      <scalar dataType="xsd:double" dictRef="cdk:maxBondOrder">2.0</scalar>
      <scalar dataType="xsd:double" dictRef="cdk:bondOrderSum">4.0</scalar>
      <scalar dataType="xsd:integer" dictRef="cdk:formalNeighbourCount">3</scalar>
    </atom>
      <scalar dataType="xsd:string" dictRef="cdk:hybridization">sp2</scalar>
      <scalar dataType="xsd:string" dictRef="cdk:DA">-</scalar>
      <scalar dataType="xsd:string" dictRef="cdk:sphericalMatcher">[C]-[3][-]?+;[A-Za-z]{0,2}+=O=O[A-Za-z]{0,2}+[(].*+</scalar>
  </atomType>
  <atomType id="CO2M">
  <!-- for example in SOO- -->
    <atom elementType="S" formalCharge="-1">
      <scalar dataType="xsd:double" dictRef="cdk:maxBondOrder">2.0</scalar>
      <scalar dataType="xsd:double" dictRef="cdk:bondOrderSum">4.0</scalar>
      <scalar dataType="xsd:integer" dictRef="cdk:formalNeighbourCount">3</scalar>
      <scalar dataType="xsd:integer" dictRef="cdk:valency">4</scalar>
    </atom>
      <scalar dataType="xsd:string" dictRef="cdk:hybridization">sp2</scalar>
      <scalar dataType="xsd:string" dictRef="cdk:DA">-</scalar>
      <scalar dataType="xsd:string" dictRef="cdk:sphericalMatcher">[S]-[3][-]?+;[A-Za-z]{0,2}+=O=O[A-Za-z]{0,2}+[(].*+</scalar>
  </atomType>
  <atomType id="CNNplus">
  <!-- for example in N+=C-N -->
    <label value="CNN+"/>
    <atom elementType="C" formalCharge="0">
      <scalar dataType="xsd:double" dictRef="cdk:maxBondOrder">2.0</scalar>
      <scalar dataType="xsd:double" dictRef="cdk:bondOrderSum">3.0</scalar>
      <scalar dataType="xsd:integer" dictRef="cdk:formalNeighbourCount">2</scalar>
      <scalar dataType="xsd:integer" dictRef="cdk:valency">4</scalar>
    </atom>
    <scalar dataType="xsd:string" dictRef="cdk:hybridization">sp2</scalar>
    <scalar dataType="xsd:string" dictRef="cdk:DA">-</scalar>
    <scalar dataType="xsd:string" dictRef="cdk:sphericalMatcher">C-1[-]?+;%N[+]?+[(].*+</scalar>
  </atomType>
  <atomType id="CtripleBonded">
  <!-- for example in isonitrile C% -->
    <label value="C%"/>
    <atom elementType="C" formalCharge="0">      
      <scalar dataType="xsd:double" dictRef="cdk:maxBondOrder">3.0</scalar>
      <scalar dataType="xsd:double" dictRef="cdk:bondOrderSum">4.0</scalar>
      <scalar dataType="xsd:integer" dictRef="cdk:formalNeighbourCount">2</scalar>
      <scalar dataType="xsd:integer" dictRef="cdk:valency">4</scalar>
    </atom>
    <scalar dataType="xsd:string" dictRef="cdk:hybridization">sp1</scalar>
    <scalar dataType="xsd:string" dictRef="cdk:DA">-</scalar>
    <scalar dataType="xsd:string" dictRef="cdk:sphericalMatcher">C-1[-]?+;%N[+]?+[(].*+</scalar>
  </atomType>
 
  <atomType id="CIMplus">
   <!-- for example in imidazolium -->
     <label value="CIM+"/>
    <atom elementType="C" formalCharge="0">
      <scalar dataType="xsd:double" dictRef="cdk:maxBondOrder">2.0</scalar>
      <scalar dataType="xsd:double" dictRef="cdk:bondOrderSum">4.0</scalar>
      <scalar dataType="xsd:integer" dictRef="cdk:formalNeighbourCount">3</scalar>
      <scalar dataType="xsd:integer" dictRef="cdk:valency">4</scalar>
    </atom>
     <scalar dataType="xsd:string" dictRef="cdk:hybridization">sp2</scalar>
     <scalar dataType="xsd:string" dictRef="cdk:DA">-</scalar>
     <scalar dataType="xsd:string" dictRef="cdk:sphericalMatcher">C-[0-4];[A-Za-z+-]{1,6}[(].*+</scalar>
   </atomType>
  <atomType id="CR4R"> 
   <!-- Csp3 in 4 member rings -->
    <atom elementType="C" formalCharge="0">
     <scalar dataType="xsd:double" dictRef="cdk:maxBondOrder">1.0</scalar>
      <scalar dataType="xsd:double" dictRef="cdk:bondOrderSum">4.0</scalar>
      <scalar dataType="xsd:integer" dictRef="cdk:formalNeighbourCount">4</scalar>
      <scalar dataType="xsd:integer" dictRef="cdk:valency">4</scalar>
    </atom>
     <scalar dataType="xsd:string" dictRef="cdk:hybridization">sp3</scalar>
     <scalar dataType="xsd:string" dictRef="cdk:DA">-</scalar>
     <scalar dataType="xsd:string" dictRef="cdk:sphericalMatcher">C-[0-4];[A-Za-z+-]{1,6}[(].*+</scalar>
     <scalar dataType="xsd:int" dictRef="cdk:ringSize">4</scalar>
      <scalar dataType="xsd:integer" dictRef="cdk:ringConstant">3</scalar>     
   </atomType> 
   <atomType id="CR3R">
   <!-- Csp3 in 3 member rings -->
    <atom elementType="C" formalCharge="0">     
      <scalar dataType="xsd:double" dictRef="cdk:maxBondOrder">1.0</scalar>
      <scalar dataType="xsd:double" dictRef="cdk:bondOrderSum">4.0</scalar>
      <scalar dataType="xsd:integer" dictRef="cdk:formalNeighbourCount">4</scalar>
      <scalar dataType="xsd:integer" dictRef="cdk:valency">4</scalar>
    </atom>
     <scalar dataType="xsd:string" dictRef="cdk:hybridization">sp3</scalar>
     <scalar dataType="xsd:string" dictRef="cdk:DA">-</scalar>
     <scalar dataType="xsd:string" dictRef="cdk:sphericalMatcher">C-[0-4];[A-Za-z+-]{1,6}[(].*+</scalar>
     <scalar dataType="xsd:int" dictRef="cdk:ringSize">3</scalar>
     <scalar dataType="xsd:integer" dictRef="cdk:ringConstant">3</scalar>    
   </atomType> 
   <atomType id="CE4R">
     <!-- Csp2 in 4 membered rings -->
    <atom elementType="C" formalCharge="0">
      <scalar dataType="xsd:double" dictRef="cdk:maxBondOrder">2.0</scalar>
      <scalar dataType="xsd:double" dictRef="cdk:bondOrderSum">4.0</scalar>
      <scalar dataType="xsd:integer" dictRef="cdk:formalNeighbourCount">3</scalar>
      <scalar dataType="xsd:integer" dictRef="cdk:valency">4</scalar>
    </atom>
     <scalar dataType="xsd:string" dictRef="cdk:hybridization">sp2</scalar>
     <scalar dataType="xsd:string" dictRef="cdk:DA">-</scalar>
     <scalar dataType="xsd:string" dictRef="cdk:sphericalMatcher">[C]-[0-3];[H]{0,2}+[A-Za-z]*+=[A-Z]{1,2}+.*+</scalar>
     <scalar dataType="xsd:int" dictRef="cdk:ringSize">4</scalar>
     <scalar dataType="xsd:integer" dictRef="cdk:ringConstant">3</scalar>    
   </atomType> 
   <atomType id="Car">
    <!-- for example in benzol -->
    <atom elementType="C" formalCharge="0">
     <scalar dataType="xsd:double" dictRef="cdk:maxBondOrder">2.0</scalar>
      <scalar dataType="xsd:double" dictRef="cdk:bondOrderSum">4.0</scalar>
      <scalar dataType="xsd:integer" dictRef="cdk:formalNeighbourCount">3</scalar>
      <scalar dataType="xsd:integer" dictRef="cdk:valency">4</scalar>
    </atom>
     <scalar dataType="xsd:string" dictRef="cdk:hybridization">sp2</scalar>
     <scalar dataType="xsd:string" dictRef="cdk:DA">-</scalar>
     <scalar dataType="xsd:string" dictRef="cdk:sphericalMatcher">[C]-[0-3];[H]{0,2}+[A-Za-z]*+=[A-Z]{1,2}+.*+</scalar>
     <scalar dataType="xsd:integer" dictRef="cdk:aromaticAtom">4</scalar>
     <scalar dataType="xsd:integer" dictRef="cdk:ringConstant">3</scalar>    
   </atomType> 
   <atomType id="C5A">
    <!-- alpha carbon 5 mem. hetero ring -->
    <atom elementType="C" formalCharge="0">
      <scalar dataType="xsd:double" dictRef="cdk:maxBondOrder">2.0</scalar>
      <scalar dataType="xsd:double" dictRef="cdk:bondOrderSum">4.0</scalar>
      <scalar dataType="xsd:integer" dictRef="cdk:formalNeighbourCount">3</scalar>
      <scalar dataType="xsd:integer" dictRef="cdk:valency">4</scalar>
    </atom>
     <scalar dataType="xsd:string" dictRef="cdk:hybridization">sp2</scalar>
     <scalar dataType="xsd:string" dictRef="cdk:DA">-</scalar>
     <scalar dataType="xsd:string" dictRef="cdk:sphericalMatcher">C-[2-3];[H]?+[C]{1}+[A-Z&amp;&amp;[^C]]{1}+[(].*+</scalar>
     <scalar dataType="xsd:integer" dictRef="cdk:ringSize">5</scalar>
     <scalar dataType="xsd:integer" dictRef="cdk:aromaticAtom">4</scalar>
     <scalar dataType="xsd:integer" dictRef="cdk:ringConstant">1</scalar>    
   </atomType> 
   <atomType id="C5B">
    <!-- beta carbon 5 mem. hetero ring -->
    <atom elementType="C" formalCharge="0">      
      <scalar dataType="xsd:double" dictRef="cdk:maxBondOrder">2.0</scalar>
      <scalar dataType="xsd:double" dictRef="cdk:bondOrderSum">4.0</scalar>
      <scalar dataType="xsd:integer" dictRef="cdk:formalNeighbourCount">3</scalar>
      <scalar dataType="xsd:integer" dictRef="cdk:valency">4</scalar>
    </atom>
     <scalar dataType="xsd:string" dictRef="cdk:hybridization">sp2</scalar>
     <scalar dataType="xsd:string" dictRef="cdk:DA">-</scalar>
     <scalar dataType="xsd:string" dictRef="cdk:sphericalMatcher">C-[2-3];[H]?+[C]{2,3}+[(][HC]{0,2}+[,]?+[A-Z&amp;&amp;[^C]]{1}+.*+</scalar>
     <scalar dataType="xsd:integer" dictRef="cdk:ringSize">5</scalar>
     <scalar dataType="xsd:integer" dictRef="cdk:aromaticAtom">4</scalar>
     <scalar dataType="xsd:integer" dictRef="cdk:ringConstant">1</scalar> 
   </atomType> 
   <atomType id="C5">
    <!-- c in heteroaromtaic ring, not alpha or beta C5/N5 -->
    <atom elementType="C" formalCharge="0">     
      <scalar dataType="xsd:double" dictRef="cdk:maxBondOrder">2.0</scalar>
      <scalar dataType="xsd:double" dictRef="cdk:bondOrderSum">4.0</scalar>
      <scalar dataType="xsd:integer" dictRef="cdk:formalNeighbourCount">3</scalar>
      <scalar dataType="xsd:integer" dictRef="cdk:valency">4</scalar>
    </atom>
     <scalar dataType="xsd:string" dictRef="cdk:hybridization">sp2</scalar>
     <scalar dataType="xsd:string" dictRef="cdk:DA">-</scalar>
     <scalar dataType="xsd:string" dictRef="cdk:sphericalMatcher">NO PATTERN</scalar>
     <scalar dataType="xsd:integer" dictRef="cdk:aromaticAtom">4</scalar>
     <scalar dataType="xsd:integer" dictRef="cdk:ringConstant">1</scalar> 
   </atomType> 
  <atomType id="HC">
    <!-- H attached to C or Si -->
    <atom elementType="H" formalCharge="0">
      <scalar dataType="xsd:double" dictRef="cdk:maxBondOrder">1.0</scalar>
      <scalar dataType="xsd:double" dictRef="cdk:bondOrderSum">1.0</scalar>
      <scalar dataType="xsd:integer" dictRef="cdk:formalNeighbourCount">1</scalar>
      <scalar dataType="xsd:integer" dictRef="cdk:valency">1</scalar>
    </atom>
    <scalar dataType="xsd:string" dictRef="cdk:DA">-</scalar>
    <scalar dataType="xsd:string" dictRef="cdk:sphericalMatcher">H-[1];[CSi]{1,2}.*+</scalar>
  </atomType>
  <atomType id="HO">
    <!-- H attached to oxygen -->
    <atom elementType="H" formalCharge="0">
      <scalar dataType="xsd:double" dictRef="cdk:maxBondOrder">1.0</scalar>
      <scalar dataType="xsd:double" dictRef="cdk:bondOrderSum">1.0</scalar>
      <scalar dataType="xsd:integer" dictRef="cdk:formalNeighbourCount">1</scalar>
      <scalar dataType="xsd:integer" dictRef="cdk:valency">1</scalar>
    </atom>
      <scalar dataType="xsd:string" dictRef="cdk:DA">D</scalar>
      <scalar dataType="xsd:string" dictRef="cdk:sphericalMatcher">H-[1];O[(].{2,}+.*+</scalar>
  </atomType>
  <atomType id="HN">
    <!-- H attached to nitrogen -->
    <atom elementType="H" formalCharge="0">
      <scalar dataType="xsd:double" dictRef="cdk:maxBondOrder">1.0</scalar>
      <scalar dataType="xsd:double" dictRef="cdk:bondOrderSum">1.0</scalar>
      <scalar dataType="xsd:integer" dictRef="cdk:formalNeighbourCount">1</scalar>
      <scalar dataType="xsd:integer" dictRef="cdk:valency">1</scalar>
    </atom>
    <scalar dataType="xsd:string" dictRef="cdk:DA">D</scalar>
    <scalar dataType="xsd:string" dictRef="cdk:sphericalMatcher">H-[0-1];[N][(].*+</scalar>
  </atomType>
  <atomType id="HOCO">
    <!-- H in COOH -->
    <atom elementType="H" formalCharge="0">
      <scalar dataType="xsd:double" dictRef="cdk:maxBondOrder">1.0</scalar>
      <scalar dataType="xsd:double" dictRef="cdk:bondOrderSum">1.0</scalar>
      <scalar dataType="xsd:integer" dictRef="cdk:formalNeighbourCount">1</scalar>
      <scalar dataType="xsd:integer" dictRef="cdk:valency">1</scalar>
    </atom>
    <scalar dataType="xsd:string" dictRef="cdk:DA">D</scalar>
    <scalar dataType="xsd:string" dictRef="cdk:sphericalMatcher">H-1;O[(]C/[H]{0,1}+=O.*+</scalar>
  </atomType>
  <atomType id="HNdoubleBondedC">
    <!-- H in azo and imine -->
    <label value="HN=C"/>
    <atom elementType="H" formalCharge="0">
      <scalar dataType="xsd:double" dictRef="cdk:maxBondOrder">1.0</scalar>
      <scalar dataType="xsd:double" dictRef="cdk:bondOrderSum">1.0</scalar>
      <scalar dataType="xsd:integer" dictRef="cdk:formalNeighbourCount">1</scalar>
      <scalar dataType="xsd:integer" dictRef="cdk:valency">1</scalar>
    </atom>
    <scalar dataType="xsd:string" dictRef="cdk:DA">D</scalar>
    <scalar dataType="xsd:string" dictRef="cdk:sphericalMatcher">H-[0-1];N[(][H]{0,2}+=C.*+</scalar>
  </atomType>
  <atomType id="HN2">
    <!-- H in general sp2 N -->
    <atom elementType="H" formalCharge="0">
      <scalar dataType="xsd:double" dictRef="cdk:maxBondOrder">1.0</scalar>
      <scalar dataType="xsd:double" dictRef="cdk:bondOrderSum">1.0</scalar>
      <scalar dataType="xsd:integer" dictRef="cdk:formalNeighbourCount">1</scalar>
      <scalar dataType="xsd:integer" dictRef="cdk:valency">1</scalar>
    </atom>
      <scalar dataType="xsd:string" dictRef="cdk:DA">D</scalar>
      <scalar dataType="xsd:string" dictRef="cdk:sphericalMatcher">H-[0-1];N[(][H]{0,2}+=[A-Z[^C]].*+</scalar>
  </atomType>
  <atomType id="HOCC">
    <!-- H in enol and phenol -->
    <atom elementType="H" formalCharge="0">
      <scalar dataType="xsd:double" dictRef="cdk:maxBondOrder">1.0</scalar>
      <scalar dataType="xsd:double" dictRef="cdk:bondOrderSum">1.0</scalar>
      <scalar dataType="xsd:integer" dictRef="cdk:formalNeighbourCount">1</scalar>
      <scalar dataType="xsd:integer" dictRef="cdk:valency">1</scalar>
    </atom>
    <scalar dataType="xsd:string" dictRef="cdk:DA">D</scalar>
    <scalar dataType="xsd:string" dictRef="cdk:sphericalMatcher">H-[0-1];O[(]C/[H]?+=C.*+</scalar>
  </atomType>
 <atomType id="HOH">
    <!-- H in water -->
    <atom elementType="H" formalCharge="0">
      <scalar dataType="xsd:double" dictRef="cdk:maxBondOrder">1.0</scalar>
      <scalar dataType="xsd:double" dictRef="cdk:bondOrderSum">1.0</scalar>
      <scalar dataType="xsd:integer" dictRef="cdk:formalNeighbourCount">1</scalar>
      <scalar dataType="xsd:integer" dictRef="cdk:valency">1</scalar>
    </atom>
      <scalar dataType="xsd:string" dictRef="cdk:DA">D</scalar>
      <scalar dataType="xsd:string" dictRef="cdk:sphericalMatcher">H-[0-1];O[(]H[)]</scalar>
  </atomType>
  <atomType id="HOS">
    <!-- H attached to 0-S -->
    <atom elementType="H" formalCharge="0">
      <scalar dataType="xsd:double" dictRef="cdk:maxBondOrder">1.0</scalar>
      <scalar dataType="xsd:double" dictRef="cdk:bondOrderSum">1.0</scalar>
      <scalar dataType="xsd:integer" dictRef="cdk:formalNeighbourCount">1</scalar>
      <scalar dataType="xsd:integer" dictRef="cdk:valency">1</scalar>
    </atom>
      <scalar dataType="xsd:string" dictRef="cdk:DA">D</scalar>
      <scalar dataType="xsd:string" dictRef="cdk:sphericalMatcher">H-[0-1];O[(][H]{0,2}+=?+S.*+</scalar>
  </atomType>
  <atomType id="HNplus">
    <!-- H attached to any N+ -->
    <label value="HN+"/>
    <atom elementType="H" formalCharge="0">
      <scalar dataType="xsd:double" dictRef="cdk:maxBondOrder">1.0</scalar>
      <scalar dataType="xsd:double" dictRef="cdk:bondOrderSum">1.0</scalar>
      <scalar dataType="xsd:integer" dictRef="cdk:formalNeighbourCount">1</scalar>
      <scalar dataType="xsd:integer" dictRef="cdk:valency">1</scalar>
    </atom>
      <scalar dataType="xsd:string" dictRef="cdk:DA">D</scalar>
      <scalar dataType="xsd:string" dictRef="cdk:sphericalMatcher">H-[0-1];[N][+][(].*+</scalar>
  </atomType>
  <atomType id="HOplus">
    <!-- H attached to 0+ -->
    <label value="HO+"/>
    <atom elementType="H" formalCharge="0">
      <scalar dataType="xsd:double" dictRef="cdk:maxBondOrder">1.0</scalar>
      <scalar dataType="xsd:double" dictRef="cdk:bondOrderSum">1.0</scalar>
      <scalar dataType="xsd:integer" dictRef="cdk:formalNeighbourCount">1</scalar>
      <scalar dataType="xsd:integer" dictRef="cdk:valency">1</scalar>
    </atom>
    <scalar dataType="xsd:string" dictRef="cdk:DA">D</scalar>
    <scalar dataType="xsd:string" dictRef="cdk:sphericalMatcher">H-[1];O[+][(][A-Za-z&amp;&amp;[^=]]{1,4}+.*+</scalar>
  </atomType>
  <atomType id="HOdoubleBondedPlus">
    <!-- H attached to oxenium -->
    <label value="HO=+"/>
    <atom elementType="H" formalCharge="0">
      <scalar dataType="xsd:double" dictRef="cdk:maxBondOrder">1.0</scalar>
      <scalar dataType="xsd:double" dictRef="cdk:bondOrderSum">1.0</scalar>
      <scalar dataType="xsd:integer" dictRef="cdk:formalNeighbourCount">1</scalar>
      <scalar dataType="xsd:integer" dictRef="cdk:valency">1</scalar>
    </atom>
    <scalar dataType="xsd:string" dictRef="cdk:DA">D</scalar>
    <scalar dataType="xsd:string" dictRef="cdk:sphericalMatcher">H-[1];O[+][(].*+</scalar>
  </atomType>
 <atomType id="HP">
    <!-- H attached to S or P -->
    <atom elementType="H" formalCharge="0">
      <scalar dataType="xsd:double" dictRef="cdk:maxBondOrder">1.0</scalar>
      <scalar dataType="xsd:double" dictRef="cdk:bondOrderSum">1.0</scalar>
      <scalar dataType="xsd:integer" dictRef="cdk:formalNeighbourCount">1</scalar>
      <scalar dataType="xsd:integer" dictRef="cdk:valency">1</scalar>
    </atom>
      <scalar dataType="xsd:string" dictRef="cdk:DA">D</scalar>
      <scalar dataType="xsd:string" dictRef="cdk:sphericalMatcher">H-[1];[SP].*+</scalar>
  </atomType>
  <atomType id="O">
    <!-- for example in alcohol or ether -->
    <atom elementType="O" formalCharge="0">
      <scalar dataType="xsd:double" dictRef="cdk:maxBondOrder">1.0</scalar>
      <scalar dataType="xsd:double" dictRef="cdk:bondOrderSum">2.0</scalar>
      <scalar dataType="xsd:integer" dictRef="cdk:formalNeighbourCount">2</scalar>
      <scalar dataType="xsd:integer" dictRef="cdk:valency">6</scalar>
    </atom>
      <scalar dataType="xsd:string" dictRef="cdk:hybridization">sp2</scalar>
      <scalar dataType="xsd:string" dictRef="cdk:DA">A</scalar>
      <scalar dataType="xsd:string" dictRef="cdk:sphericalMatcher">O-[2];[HCSN]{1,2}+[+]?+[(].*+</scalar>
  </atomType>
  <atomType id="OdoubleBonded">
    <!-- double bonded O -->
    <label value="O="/>
    <atom elementType="O" formalCharge="0">
      <scalar dataType="xsd:double" dictRef="cdk:maxBondOrder">2.0</scalar>
      <scalar dataType="xsd:double" dictRef="cdk:bondOrderSum">2.0</scalar>
      <scalar dataType="xsd:integer" dictRef="cdk:formalNeighbourCount">1</scalar>
      <scalar dataType="xsd:integer" dictRef="cdk:valency">6</scalar>
    </atom>
      <scalar dataType="xsd:string" dictRef="cdk:hybridization">sp2</scalar>
      <scalar dataType="xsd:string" dictRef="cdk:DA">A</scalar>
      <scalar dataType="xsd:string" dictRef="cdk:sphericalMatcher">O-[1];=C.*+</scalar>
  </atomType>
  <atomType id="OX">
    <!-- terminal (oxide) -->
    <atom elementType="O" formalCharge="0">
      <scalar dataType="xsd:double" dictRef="cdk:maxBondOrder">2.0</scalar>
      <scalar dataType="xsd:double" dictRef="cdk:bondOrderSum">2.0</scalar>
      <scalar dataType="xsd:integer" dictRef="cdk:formalNeighbourCount">1</scalar>
      <scalar dataType="xsd:integer" dictRef="cdk:valency">6</scalar>
    </atom>
      <scalar dataType="xsd:string" dictRef="cdk:hybridization">sp2</scalar>
      <scalar dataType="xsd:string" dictRef="cdk:DA">A</scalar>
      <scalar dataType="xsd:string" dictRef="cdk:sphericalMatcher">O-[1];=[A-Za-z&amp;&amp;[^C]]{1,2}+[(].*+</scalar>
  </atomType>  
  <atomType id="OM">
    <!-- terminal O, negatively charged -->
    <atom elementType="O" formalCharge="-1">
      <scalar dataType="xsd:double" dictRef="cdk:maxBondOrder">1.0</scalar>
      <scalar dataType="xsd:double" dictRef="cdk:bondOrderSum">1.0</scalar>
      <scalar dataType="xsd:integer" dictRef="cdk:formalNeighbourCount">1</scalar>
      <scalar dataType="xsd:integer" dictRef="cdk:valency">6</scalar>
    </atom>
      <scalar dataType="xsd:string" dictRef="cdk:hybridization">sp3</scalar>
      <scalar dataType="xsd:string" dictRef="cdk:DA">A</scalar>
      <scalar dataType="xsd:string" dictRef="cdk:sphericalMatcher">O-[1][-]?+;.*+</scalar>
  </atomType>   
 <atomType id="Oplus">
    <!-- oxonium, tricoordinated -->
    <label value="O+"/>
    <atom elementType="O" formalCharge="1">
      <scalar dataType="xsd:double" dictRef="cdk:maxBondOrder">1.0</scalar>
      <scalar dataType="xsd:double" dictRef="cdk:bondOrderSum">3.0</scalar>
      <scalar dataType="xsd:integer" dictRef="cdk:formalNeighbourCount">3</scalar>
      <scalar dataType="xsd:integer" dictRef="cdk:valency">6</scalar>
    </atom>
      <scalar dataType="xsd:string" dictRef="cdk:hybridization">sp2</scalar>
      <scalar dataType="xsd:string" dictRef="cdk:DA">A</scalar>
      <scalar dataType="xsd:string" dictRef="cdk:sphericalMatcher">O-[3][+];.*+</scalar>
  </atomType>  
  <atomType id="OdoubleBondedPlus">
    <!-- oxenium, dicoordinated -->
    <label value="O=+"/>
    <atom elementType="O" formalCharge="1">
      <scalar dataType="xsd:double" dictRef="cdk:maxBondOrder">2.0</scalar>
      <scalar dataType="xsd:double" dictRef="cdk:bondOrderSum">3.0</scalar>
      <scalar dataType="xsd:integer" dictRef="cdk:formalNeighbourCount">2</scalar>
      <scalar dataType="xsd:integer" dictRef="cdk:valency">6</scalar>
    </atom>
      <scalar dataType="xsd:string" dictRef="cdk:hybridization">sp2</scalar>
      <scalar dataType="xsd:string" dictRef="cdk:DA">A</scalar>
      <scalar dataType="xsd:string" dictRef="cdk:sphericalMatcher">O-[1-2][+];[A-Za-z]{0,2}+=.*+</scalar>
  </atomType>  
 <atomType id="OH2">
    <!-- in water -->
    <atom elementType="O" formalCharge="0">
      <scalar dataType="xsd:double" dictRef="cdk:maxBondOrder">1.0</scalar>
      <scalar dataType="xsd:double" dictRef="cdk:bondOrderSum">2.0</scalar>
      <scalar dataType="xsd:integer" dictRef="cdk:formalNeighbourCount">2</scalar>
      <scalar dataType="xsd:integer" dictRef="cdk:valency">6</scalar>
    </atom>
      <scalar dataType="xsd:string" dictRef="cdk:hybridization">sp2</scalar>
      <scalar dataType="xsd:string" dictRef="cdk:DA">A</scalar>
      <scalar dataType="xsd:string" dictRef="cdk:sphericalMatcher">O-[1-2];[H]{0,2}.*+</scalar>
  </atomType>  
  <atomType id="Oar">
    <!-- for example in furan -->
    <atom elementType="O" formalCharge="0">
      <scalar dataType="xsd:double" dictRef="cdk:maxBondOrder">1.0</scalar>
      <scalar dataType="xsd:double" dictRef="cdk:bondOrderSum">2.0</scalar>
      <scalar dataType="xsd:integer" dictRef="cdk:formalNeighbourCount">2</scalar>
      <scalar dataType="xsd:integer" dictRef="cdk:valency">6</scalar>
    </atom>
      <scalar dataType="xsd:string" dictRef="cdk:hybridization">sp2</scalar>
      <scalar dataType="xsd:string" dictRef="cdk:DA">A</scalar>
      <scalar dataType="xsd:string" dictRef="cdk:sphericalMatcher">O-2;CC.=C.*+&amp;.*+&amp;.*+</scalar>
      <scalar dataType="xsd:string" dictRef="cdk:ringSize">5</scalar>
      <scalar dataType="xsd:integer" dictRef="cdk:aromaticAtom">4</scalar>
      <scalar dataType="xsd:integer" dictRef="cdk:ringConstant">6</scalar> 
  </atomType> 
  <atomType id="N">
    <!-- in aliphatic amines -->
    <atom elementType="N" formalCharge="0">
      <scalar dataType="xsd:double" dictRef="cdk:maxBondOrder">1.0</scalar>
      <scalar dataType="xsd:double" dictRef="cdk:bondOrderSum">3.0</scalar>
      <scalar dataType="xsd:integer" dictRef="cdk:formalNeighbourCount">3</scalar>
      <scalar dataType="xsd:integer" dictRef="cdk:valency">5</scalar>
    </atom>
      <scalar dataType="xsd:string" dictRef="cdk:hybridization">sp3</scalar>
      <scalar dataType="xsd:string" dictRef="cdk:DA">A</scalar>
      <scalar dataType="xsd:string" dictRef="cdk:sphericalMatcher">N-[0-3];[A-Za-z &amp;&amp;[^=%]]{1,3}+.*+</scalar>
  </atomType>
  <atomType id="NdoubleBondedC">
    <!-- in imines -->
    <label value="N=C"/>
    <atom elementType="N" formalCharge="0">
      <scalar dataType="xsd:double" dictRef="cdk:maxBondOrder">2.0</scalar>
      <scalar dataType="xsd:double" dictRef="cdk:bondOrderSum">3.0</scalar>
      <scalar dataType="xsd:integer" dictRef="cdk:formalNeighbourCount">2</scalar>
      <scalar dataType="xsd:integer" dictRef="cdk:valency">5</scalar>
    </atom>
      <scalar dataType="xsd:string" dictRef="cdk:hybridization">sp2</scalar>
      <scalar dataType="xsd:string" dictRef="cdk:DA">A</scalar>
      <scalar dataType="xsd:string" dictRef="cdk:sphericalMatcher">N-[1-3];[H]{0,2}+[A-Za-z]*+=[CN].*+</scalar>
  </atomType>
  <atomType id="NCdoubleBondedC">
    <!-- conjugated N-C im e.g. enamine-->
    <label value="NC=C"/>
    <atom elementType="N" formalCharge="0">
      <scalar dataType="xsd:double" dictRef="cdk:maxBondOrder">2.0</scalar>
      <scalar dataType="xsd:double" dictRef="cdk:bondOrderSum">3.0</scalar>
      <scalar dataType="xsd:integer" dictRef="cdk:formalNeighbourCount">2</scalar>
      <scalar dataType="xsd:integer" dictRef="cdk:valency">5</scalar>
    </atom>
      <scalar dataType="xsd:string" dictRef="cdk:hybridization">sp2</scalar>
      <scalar dataType="xsd:string" dictRef="cdk:DA">A</scalar>
      <scalar dataType="xsd:string" dictRef="cdk:sphericalMatcher">N-[1-3];[H]{0,3}+[C]*+[(].*+=C.*+</scalar>
  </atomType>
  <atomType id="NSP">
    <!-- triplebonded -->
    <atom elementType="N" formalCharge="0">
      <scalar dataType="xsd:double" dictRef="cdk:maxBondOrder">3.0</scalar>
      <scalar dataType="xsd:double" dictRef="cdk:bondOrderSum">3.0</scalar>
      <scalar dataType="xsd:integer" dictRef="cdk:formalNeighbourCount">1</scalar>
      <scalar dataType="xsd:integer" dictRef="cdk:valency">5</scalar>
    </atom>
      <scalar dataType="xsd:string" dictRef="cdk:hybridization">sp</scalar>
      <scalar dataType="xsd:string" dictRef="cdk:DA">A</scalar>
      <scalar dataType="xsd:string" dictRef="cdk:sphericalMatcher">N-[1-2][+]?+;%.*+</scalar>
  </atomType>
  <atomType id="NdoubleDoubleBonded">
    <!-- central nitrogen for example in C=N=N or N=N=N -->
    <label value="=N="/>
    <atom elementType="N" formalCharge="1">
      <scalar dataType="xsd:double" dictRef="cdk:maxBondOrder">2.0</scalar>
      <scalar dataType="xsd:double" dictRef="cdk:bondOrderSum">4.0</scalar>
      <scalar dataType="xsd:integer" dictRef="cdk:formalNeighbourCount">2</scalar>
      <scalar dataType="xsd:integer" dictRef="cdk:valency">5</scalar>
    </atom>
      <scalar dataType="xsd:string" dictRef="cdk:hybridization">sp1</scalar>
      <scalar dataType="xsd:string" dictRef="cdk:DA">A</scalar>
      <scalar dataType="xsd:string" dictRef="cdk:sphericalMatcher">N-[2][+]?+;=[NC]=[NC][-]?+[(].*+</scalar>
  </atomType>
  <atomType id="NAZT">
    <!-- terminal N in azido or diazogroup -->
    <atom elementType="N">
      <scalar dataType="xsd:double" dictRef="cdk:maxBondOrder">2.0</scalar>
      <scalar dataType="xsd:double" dictRef="cdk:bondOrderSum">2.0</scalar>
      <scalar dataType="xsd:integer" dictRef="cdk:formalNeighbourCount">1</scalar>
      <scalar dataType="xsd:integer" dictRef="cdk:valency">5</scalar>
    </atom>
      <scalar dataType="xsd:string" dictRef="cdk:hybridization">sp</scalar>
      <scalar dataType="xsd:string" dictRef="cdk:DA">A</scalar>
      <scalar dataType="xsd:string" dictRef="cdk:sphericalMatcher">N-1[+-]?+;%?+=?+N[+]?+[(]=?+N[-]?+.*+</scalar>
  </atomType> 
 <atomType id="Nplus">
    <!-- for example in ammonium -->
    <label value="N+"/>
    <atom elementType="N" formalCharge="1">
      <scalar dataType="xsd:double" dictRef="cdk:maxBondOrder">1.0</scalar>
      <scalar dataType="xsd:double" dictRef="cdk:bondOrderSum">4.0</scalar>
      <scalar dataType="xsd:integer" dictRef="cdk:formalNeighbourCount">4</scalar>
      <scalar dataType="xsd:integer" dictRef="cdk:valency">5</scalar>
    </atom>
      <scalar dataType="xsd:string" dictRef="cdk:hybridization">sp3</scalar>
      <scalar dataType="xsd:string" dictRef="cdk:DA">-</scalar>
      <scalar dataType="xsd:string" dictRef="cdk:sphericalMatcher">N-4[+];.*+</scalar>
  </atomType> 
  <atomType id="N2OX">
    <!-- sp2 N-oxide nitrogen -->
    <atom elementType="N" formalCharge="0">
      <scalar dataType="xsd:double" dictRef="cdk:maxBondOrder">2.0</scalar>
      <scalar dataType="xsd:double" dictRef="cdk:bondOrderSum">3.0</scalar>
      <scalar dataType="xsd:integer" dictRef="cdk:formalNeighbourCount">2</scalar>
      <scalar dataType="xsd:integer" dictRef="cdk:valency">5</scalar>
    </atom>
      <scalar dataType="xsd:string" dictRef="cdk:hybridization">sp2</scalar>
      <scalar dataType="xsd:string" dictRef="cdk:DA">A</scalar>
      <scalar dataType="xsd:string" dictRef="cdk:sphericalMatcher">N-[2-3][+]?+;=[A-Z&amp;&amp;[^O]]{1,2}+O[-]?+[(].*+</scalar>
  </atomType>  
  <atomType id="N3OX">
    <!-- sp3 N-oxide nitrogen -->
    <atom elementType="N" formalCharge="0">
      <scalar dataType="xsd:double" dictRef="cdk:maxBondOrder">1.0</scalar>
      <scalar dataType="xsd:double" dictRef="cdk:bondOrderSum">3.0</scalar>
      <scalar dataType="xsd:integer" dictRef="cdk:formalNeighbourCount">3</scalar>
      <scalar dataType="xsd:integer" dictRef="cdk:valency">5</scalar>
    </atom>
      <scalar dataType="xsd:string" dictRef="cdk:hybridization">sp3</scalar>
      <scalar dataType="xsd:string" dictRef="cdk:DA">A</scalar>
      <scalar dataType="xsd:string" dictRef="cdk:sphericalMatcher">N-[1-3];[H]{0,2}+[A-Za-z&amp;&amp;[^O]]{0,2}+[O][-]?+[(].*+</scalar>
  </atomType> 
  <atomType id="NCtripleBondedN">
    <!-- N attached to cyano group-->
    <label value="NC#N"/>
    <atom elementType="N" formalCharge="0">
      <scalar dataType="xsd:double" dictRef="cdk:maxBondOrder">1.0</scalar>
      <scalar dataType="xsd:double" dictRef="cdk:bondOrderSum">3.0</scalar>
      <scalar dataType="xsd:integer" dictRef="cdk:formalNeighbourCount">3</scalar>
      <scalar dataType="xsd:integer" dictRef="cdk:valency">5</scalar>
    </atom>
      <scalar dataType="xsd:string" dictRef="cdk:hybridization">sp3</scalar>
      <scalar dataType="xsd:string" dictRef="cdk:DA">A</scalar>
      <scalar dataType="xsd:string" dictRef="cdk:sphericalMatcher">N-[1-3][+]?+;[H]{0,2}+[A-Za-z]{0,6}+[(].*+%C.*+%N.*+</scalar>
  </atomType>       
  <atomType id="NO3">
    <!-- for example in nitro/nitrate  -->
    <atom elementType="N">
      <scalar dataType="xsd:double" dictRef="cdk:maxBondOrder">2.0</scalar>
      <scalar dataType="xsd:double" dictRef="cdk:bondOrderSum">4.0</scalar>
      <scalar dataType="xsd:integer" dictRef="cdk:formalNeighbourCount">3</scalar>
      <scalar dataType="xsd:integer" dictRef="cdk:valency">5</scalar>
    </atom>
      <scalar dataType="xsd:string" dictRef="cdk:hybridization">sp2</scalar>
      <scalar dataType="xsd:string" dictRef="cdk:DA">-</scalar>
      <scalar dataType="xsd:string" dictRef="cdk:sphericalMatcher">N-3[+];=OCO-.*+</scalar>
  </atomType>      
  <atomType id="NdoubleBondedO">
    <!-- for example in nitroso -->
    <label value="N=O"/>
    <atom elementType="N" formalCharge="0">
      <scalar dataType="xsd:double" dictRef="cdk:maxBondOrder">2.0</scalar>
      <scalar dataType="xsd:double" dictRef="cdk:bondOrderSum">3.0</scalar>
      <scalar dataType="xsd:integer" dictRef="cdk:formalNeighbourCount">2</scalar>
      <scalar dataType="xsd:integer" dictRef="cdk:valency">5</scalar>
    </atom>
      <scalar dataType="xsd:string" dictRef="cdk:hybridization">sp2</scalar>
      <scalar dataType="xsd:string" dictRef="cdk:DA">-</scalar>
      <scalar dataType="xsd:string" dictRef="cdk:sphericalMatcher">N-2;[A-Z&amp;&amp;[^O]]{0,1}=O[A-Z&amp;&amp;[^O]]{0,1}[(].*+</scalar>
  </atomType>         
  <atomType id="NCdoubleBondedO">
    <!-- for example in amides -->
    <label value="NC=O"/>
    <atom elementType="N" formalCharge="0">
      <scalar dataType="xsd:double" dictRef="cdk:maxBondOrder">1.0</scalar>
      <scalar dataType="xsd:double" dictRef="cdk:bondOrderSum">3.0</scalar>
      <scalar dataType="xsd:integer" dictRef="cdk:formalNeighbourCount">3</scalar>
      <scalar dataType="xsd:integer" dictRef="cdk:valency">5</scalar>
    </atom>
      <scalar dataType="xsd:string" dictRef="cdk:hybridization">sp3</scalar>
      <scalar dataType="xsd:string" dictRef="cdk:DA">A</scalar>
      <scalar dataType="xsd:string" dictRef="cdk:sphericalMatcher">N-[1-3];[CH]{1,3}.{1}+[A-Z]{0,3}+[,]?+=OC.*+</scalar>
  </atomType>         
 <atomType id="NSO">
    <!-- divalent nitrogen replacing monovalent in SO2  -->
    <atom elementType="N" formalCharge="0">
      <scalar dataType="xsd:double" dictRef="cdk:maxBondOrder">1.0</scalar>
      <scalar dataType="xsd:double" dictRef="cdk:bondOrderSum">3.0</scalar>
      <scalar dataType="xsd:integer" dictRef="cdk:formalNeighbourCount">3</scalar>
      <scalar dataType="xsd:integer" dictRef="cdk:valency">5</scalar>
    </atom>
      <scalar dataType="xsd:string" dictRef="cdk:hybridization">sp3</scalar>
      <scalar dataType="xsd:string" dictRef="cdk:DA">A</scalar>
      <scalar dataType="xsd:string" dictRef="cdk:sphericalMatcher">N-1-2];[CH]{1}+=S[(].*+</scalar>
  </atomType>         
  <atomType id="NdoubleBondedPlus">
    <!-- for example in iminium -->
    <label value="N+="/>
    <atom elementType="N" formalCharge="1">
      <scalar dataType="xsd:double" dictRef="cdk:maxBondOrder">2.0</scalar>
      <scalar dataType="xsd:double" dictRef="cdk:bondOrderSum">4.0</scalar>
      <scalar dataType="xsd:integer" dictRef="cdk:formalNeighbourCount">4</scalar>
      <scalar dataType="xsd:integer" dictRef="cdk:valency">5</scalar>
    </atom>
      <scalar dataType="xsd:string" dictRef="cdk:hybridization">sp2</scalar>
      <scalar dataType="xsd:string" dictRef="cdk:DA">-</scalar>
      <scalar dataType="xsd:string" dictRef="cdk:sphericalMatcher">N-[1-3][+];[H]{0,2}+=[A-Za-z]{1,3}+[(].*+</scalar>
  </atomType>              
  <atomType id="NCNplus">
    <!-- N in N+=C-N  -->
    <label value="NCN+"/>
    <atom elementType="N" formalCharge="1">
      <scalar dataType="xsd:double" dictRef="cdk:maxBondOrder">2.0</scalar>
      <scalar dataType="xsd:integer" dictRef="cdk:formalNeighbourCount">2</scalar>
      <scalar dataType="xsd:integer" dictRef="cdk:valency">5</scalar>
    </atom>
      <scalar dataType="xsd:string" dictRef="cdk:hybridization">sp2</scalar>
      <scalar dataType="xsd:string" dictRef="cdk:DA">-</scalar>
      <scalar dataType="xsd:string" dictRef="cdk:sphericalMatcher">N-[0-3][+];[H]{0,2}+=C[(][A-Za-z[^=%N]]{0,7}[N]{1}+/.*+</scalar>
  </atomType>                
 <atomType id="NGDplus">
    <!-- for example in guanidinium -->
    <label value="NGD+"/>
    <atom elementType="N" formalCharge="0">
      <scalar dataType="xsd:double" dictRef="cdk:maxBondOrder">2.0</scalar>
      <scalar dataType="xsd:double" dictRef="cdk:bondOrderSum">4.0</scalar>
      <scalar dataType="xsd:integer" dictRef="cdk:formalNeighbourCount">3</scalar>
      <scalar dataType="xsd:integer" dictRef="cdk:valency">5</scalar>
    </atom>
      <scalar dataType="xsd:string" dictRef="cdk:hybridization">sp2</scalar>
      <scalar dataType="xsd:string" dictRef="cdk:DA">-</scalar>
      <scalar dataType="xsd:string" dictRef="cdk:sphericalMatcher">N-[0-3][+];[H]{0,2}+=C[(][N]]{2}+/.*+</scalar>
  </atomType>                
  <atomType id="NRpercentage">
    <!-- for example in isonitrile -->
    <label value="NR%"/>
    <atom elementType="N" formalCharge="1">
      <scalar dataType="xsd:double" dictRef="cdk:maxBondOrder">3.0</scalar>
      <scalar dataType="xsd:double" dictRef="cdk:bondOrderSum">4.0</scalar>
      <scalar dataType="xsd:integer" dictRef="cdk:formalNeighbourCount">2</scalar>
      <scalar dataType="xsd:integer" dictRef="cdk:valency">5</scalar>
    </atom>
      <scalar dataType="xsd:string" dictRef="cdk:hybridization">sp</scalar>
      <scalar dataType="xsd:string" dictRef="cdk:DA">A</scalar>
      <scalar dataType="xsd:string" dictRef="cdk:sphericalMatcher">N-[1-2][+];[H]{0,1}+%[NC][-]?+[(].*+</scalar>
  </atomType>                
  <atomType id="NM">
    <!-- Anionic divalent nitrogen e.g. deprotonated sulfonamid  -->
    <atom elementType="N" formalCharge="-1">
      <scalar dataType="xsd:double" dictRef="cdk:maxBondOrder">1.0</scalar>
      <scalar dataType="xsd:double" dictRef="cdk:bondOrderSum">2.0</scalar>
      <scalar dataType="xsd:integer" dictRef="cdk:formalNeighbourCount">2</scalar>
      <scalar dataType="xsd:integer" dictRef="cdk:valency">5</scalar>
    </atom>
      <scalar dataType="xsd:string" dictRef="cdk:hybridization">sp3</scalar>
      <scalar dataType="xsd:string" dictRef="cdk:DA">A</scalar>
      <scalar dataType="xsd:string" dictRef="cdk:sphericalMatcher">N-[1-2][-];[H]{0,1}+S[A-Z]{0,1}+[(][H]{0,4}+=?+O[-]?+.*+</scalar>
  </atomType>                
  <atomType id="N5M">
    <!-- Nitrogen in 5-ring aromatic anoin  -->
    <atom elementType="N" formalCharge="-1">
      <scalar dataType="xsd:double" dictRef="cdk:maxBondOrder">2.0</scalar>
      <scalar dataType="xsd:double" dictRef="cdk:bondOrderSum">3.0</scalar>
      <scalar dataType="xsd:integer" dictRef="cdk:formalNeighbourCount">2</scalar>
      <scalar dataType="xsd:integer" dictRef="cdk:valency">5</scalar>
    </atom>
      <scalar dataType="xsd:string" dictRef="cdk:hybridization">sp2</scalar>
      <scalar dataType="xsd:string" dictRef="cdk:DA">A</scalar>
      <scalar dataType="xsd:string" dictRef="cdk:sphericalMatcher">N-[2][-];.*+</scalar>
      <scalar dataType="xsd:string" dictRef="cdk:ringSize">5</scalar>  
      <scalar dataType="xsd:integer" dictRef="cdk:aromaticAtom">4</scalar>
      <scalar dataType="xsd:integer" dictRef="cdk:ringConstant">0</scalar> 
  </atomType>                
 <atomType id="NPYD">
    <!--  N pyridine -->
    <atom elementType="N" formalCharge="0">
      <scalar dataType="xsd:double" dictRef="cdk:maxBondOrder">2.0</scalar>
      <scalar dataType="xsd:double" dictRef="cdk:bondOrderSum">3.0</scalar>
      <scalar dataType="xsd:integer" dictRef="cdk:formalNeighbourCount">2</scalar>
      <scalar dataType="xsd:integer" dictRef="cdk:valency">5</scalar>
    </atom>
      <scalar dataType="xsd:string" dictRef="cdk:hybridization">sp2</scalar>
      <scalar dataType="xsd:string" dictRef="cdk:DA">A</scalar>
      <scalar dataType="xsd:string" dictRef="cdk:sphericalMatcher">N-[2-3];[A-Za-z&amp;&amp;[^ON]]{2}[(].*+</scalar>
      <scalar dataType="xsd:string" dictRef="cdk:ringSize">6</scalar>  
      <scalar dataType="xsd:integer" dictRef="cdk:aromaticAtom">4</scalar>
      <scalar dataType="xsd:integer" dictRef="cdk:ringConstant">12</scalar> 
  </atomType>                
  <atomType id="NPYL">
    <!-- N pyrole  -->
    <atom elementType="N" formalCharge="0">
      <scalar dataType="xsd:double" dictRef="cdk:maxBondOrder">1.0</scalar>
      <scalar dataType="xsd:double" dictRef="cdk:bondOrderSum">3.0</scalar>
      <scalar dataType="xsd:integer" dictRef="cdk:formalNeighbourCount">3</scalar>
      <scalar dataType="xsd:integer" dictRef="cdk:valency">5</scalar>
    </atom>
      <scalar dataType="xsd:string" dictRef="cdk:hybridization">sp3</scalar>
      <scalar dataType="xsd:string" dictRef="cdk:DA">-</scalar>
      <scalar dataType="xsd:string" dictRef="cdk:sphericalMatcher">N-[2-3];[H]{0,1}+[A-Za-z&amp;&amp;[^N]]{2,3}+[(].*+</scalar>
      <scalar dataType="xsd:string" dictRef="cdk:ringSize">5</scalar>  
      <scalar dataType="xsd:integer" dictRef="cdk:aromaticAtom">4</scalar>
      <scalar dataType="xsd:integer" dictRef="cdk:ringConstant">4</scalar> 
  </atomType>          
  <atomType id="NPDplus">
    <!-- N in pyridinium  -->
    <label value="NPD+"/>
    <atom elementType="N" formalCharge="1">
      <scalar dataType="xsd:double" dictRef="cdk:maxBondOrder">2.0</scalar>
      <scalar dataType="xsd:double" dictRef="cdk:bondOrderSum">4.0</scalar>
      <scalar dataType="xsd:integer" dictRef="cdk:formalNeighbourCount">3</scalar>
      <scalar dataType="xsd:integer" dictRef="cdk:valency">5</scalar>
    </atom>
      <scalar dataType="xsd:string" dictRef="cdk:hybridization">sp2</scalar>
      <scalar dataType="xsd:string" dictRef="cdk:DA">-</scalar>
      <scalar dataType="xsd:string" dictRef="cdk:sphericalMatcher">N-[2-3][+];[H]{0,1}+[A-Za-z&amp;&amp;[^NO]]{2,3}+[(].*+</scalar>
      <scalar dataType="xsd:string" dictRef="cdk:ringSize">6</scalar>  
      <scalar dataType="xsd:integer" dictRef="cdk:aromaticAtom">4</scalar>
      <scalar dataType="xsd:integer" dictRef="cdk:ringConstant">12</scalar> 
  </atomType>          
  <atomType id="N5A">
    <!-- alpha N in aromatic 5-ring to N,O,S  -->
    <atom elementType="N" formalCharge="0">
      <scalar dataType="xsd:double" dictRef="cdk:maxBondOrder">2.0</scalar>
      <scalar dataType="xsd:double" dictRef="cdk:bondOrderSum">3.0</scalar>
      <scalar dataType="xsd:integer" dictRef="cdk:formalNeighbourCount">2</scalar>
      <scalar dataType="xsd:integer" dictRef="cdk:valency">5</scalar>
    </atom>
      <scalar dataType="xsd:string" dictRef="cdk:hybridization">sp2</scalar>
      <scalar dataType="xsd:string" dictRef="cdk:DA">A</scalar>
      <scalar dataType="xsd:string" dictRef="cdk:sphericalMatcher">N-[2-3][+]?+;[H]{0,1}+=?+[N,O,S]{0,1}+[+]?+=?+C[+]?+[N,O,S]{0,1}+[(].*+</scalar>
      <scalar dataType="xsd:string" dictRef="cdk:ringSize">5</scalar>  
      <scalar dataType="xsd:integer" dictRef="cdk:aromaticAtom">4</scalar>
      <scalar dataType="xsd:integer" dictRef="cdk:ringConstant">0</scalar> 
  </atomType>          
  <atomType id="N5B">
    <!-- beta N in aromatic 5-ring to N,O,S  -->
    <atom elementType="N" formalCharge="0">
      <scalar dataType="xsd:double" dictRef="cdk:maxBondOrder">2.0</scalar>
      <scalar dataType="xsd:double" dictRef="cdk:bondOrderSum">3.0</scalar>
      <scalar dataType="xsd:integer" dictRef="cdk:formalNeighbourCount">2</scalar>
      <scalar dataType="xsd:integer" dictRef="cdk:valency">5</scalar>
    </atom>
      <scalar dataType="xsd:string" dictRef="cdk:hybridization">sp2</scalar>
      <scalar dataType="xsd:string" dictRef="cdk:DA">A</scalar>
      <scalar dataType="xsd:string" dictRef="cdk:sphericalMatcher">N-[2,3];[H]{0,1}+=CC[(][H]{0,3}+=?+[A-Z&amp;&amp;[^C]].*+</scalar>
      <scalar dataType="xsd:string" dictRef="cdk:ringSize">5</scalar>  
      <scalar dataType="xsd:integer" dictRef="cdk:aromaticAtom">4</scalar>
      <scalar dataType="xsd:integer" dictRef="cdk:ringConstant">0</scalar> 
  </atomType>       
  <atomType id="NPOX">
    <!-- N in pyridine oxide  -->
    <atom elementType="N" formalCharge="1">
      <scalar dataType="xsd:double" dictRef="cdk:maxBondOrder">2.0</scalar>
      <scalar dataType="xsd:double" dictRef="cdk:bondOrderSum">4.0</scalar>
      <scalar dataType="xsd:integer" dictRef="cdk:formalNeighbourCount">3</scalar>
      <scalar dataType="xsd:integer" dictRef="cdk:valency">5</scalar>
    </atom>
      <scalar dataType="xsd:string" dictRef="cdk:hybridization">sp2</scalar>
      <scalar dataType="xsd:string" dictRef="cdk:DA">A</scalar>
      <scalar dataType="xsd:string" dictRef="cdk:sphericalMatcher">N-[3][+];[A-Z&amp;&amp;[^ON]]{2}+O[-]?+[(].*+</scalar>
      <scalar dataType="xsd:string" dictRef="cdk:ringSize">6</scalar>  
      <scalar dataType="xsd:integer" dictRef="cdk:aromaticAtom">4</scalar>
      <scalar dataType="xsd:integer" dictRef="cdk:ringConstant">12</scalar> 
  </atomType>      
  <atomType id="N5OX">
    <!-- N-oxide in aromatic 5-ring -->
    <atom elementType="N" formalCharge="0">
      <scalar dataType="xsd:double" dictRef="cdk:maxBondOrder">1.0</scalar>
      <scalar dataType="xsd:double" dictRef="cdk:bondOrderSum">3.0</scalar>
      <scalar dataType="xsd:integer" dictRef="cdk:formalNeighbourCount">3</scalar>
      <scalar dataType="xsd:integer" dictRef="cdk:valency">5</scalar>
    </atom>
      <scalar dataType="xsd:string" dictRef="cdk:hybridization">sp3</scalar>
      <scalar dataType="xsd:string" dictRef="cdk:DA">A</scalar>
      <scalar dataType="xsd:string" dictRef="cdk:sphericalMatcher">N-[3][+];[A-Z&amp;&amp;[^ON]]{2}+O[-]?+[(].*+</scalar>
      <scalar dataType="xsd:string" dictRef="cdk:ringSize">5</scalar>  
      <scalar dataType="xsd:integer" dictRef="cdk:ringConstant">0</scalar> 
  </atomType>      
  <atomType id="N5plus">
    <!-- positive N in aromatic 5-ring, nor alpha,beta -->
    <label value="N5+"/>
    <atom elementType="N" formalCharge="1">
      <scalar dataType="xsd:double" dictRef="cdk:maxBondOrder">2.0</scalar>
      <scalar dataType="xsd:double" dictRef="cdk:bondOrderSum">4.0</scalar>
      <scalar dataType="xsd:integer" dictRef="cdk:formalNeighbourCount">3</scalar>
      <scalar dataType="xsd:integer" dictRef="cdk:valency">5</scalar>
    </atom>
      <scalar dataType="xsd:string" dictRef="cdk:hybridization">sp3</scalar>
      <scalar dataType="xsd:string" dictRef="cdk:DA">-</scalar>
      <scalar dataType="xsd:string" dictRef="cdk:sphericalMatcher">NO PATTERN</scalar>
      <scalar dataType="xsd:string" dictRef="cdk:ringSize">5</scalar>  
      <scalar dataType="xsd:integer" dictRef="cdk:aromaticAtom">4</scalar>
      <scalar dataType="xsd:integer" dictRef="cdk:ringConstant">0</scalar> 
  </atomType>        
  <atomType id="N5">
    <!-- general N in aromatic 5-ring systems -->
    <atom elementType="N" formalCharge="0">
      <scalar dataType="xsd:double" dictRef="cdk:maxBondOrder">2.0</scalar>
      <scalar dataType="xsd:double" dictRef="cdk:bondOrderSum">3.0</scalar>
      <scalar dataType="xsd:integer" dictRef="cdk:formalNeighbourCount">2</scalar>
      <scalar dataType="xsd:integer" dictRef="cdk:valency">5</scalar>
    </atom>
      <scalar dataType="xsd:string" dictRef="cdk:hybridization">sp2</scalar>
      <scalar dataType="xsd:string" dictRef="cdk:DA">A</scalar>
      <scalar dataType="xsd:string" dictRef="cdk:sphericalMatcher">N-[1-3];[H]{0,1}+[A-Za-z]++[(].*+</scalar>
      <scalar dataType="xsd:string" dictRef="cdk:ringSize">5</scalar> 
      <scalar dataType="xsd:integer" dictRef="cdk:aromaticAtom">4</scalar>
      <scalar dataType="xsd:integer" dictRef="cdk:ringConstant">0</scalar> 
  </atomType>       
  <atomType id="S">
    <!-- general S in thioether or mercaptans  -->
    <atom elementType="S" formalCharge="0">
      <scalar dataType="xsd:double" dictRef="cdk:maxBondOrder">1.0</scalar>
      <scalar dataType="xsd:double" dictRef="cdk:bondOrderSum">2.0</scalar>
      <scalar dataType="xsd:integer" dictRef="cdk:formalNeighbourCount">2</scalar>
      <scalar dataType="xsd:integer" dictRef="cdk:valency">6</scalar>
    </atom>
      <scalar dataType="xsd:string" dictRef="cdk:hybridization">sp3</scalar>
      <scalar dataType="xsd:string" dictRef="cdk:DA">A</scalar>
      <scalar dataType="xsd:string" dictRef="cdk:sphericalMatcher">S-[1-2];[HCNO]{1,2}+[+]?+[(].*+</scalar>
  </atomType>      
  <atomType id="SdoubleBondedC">
    <!-- terminal S double bonded to C  -->
    <label value="S=C"/>
    <atom elementType="S" formalCharge="0">
      <scalar dataType="xsd:double" dictRef="cdk:maxBondOrder">2.0</scalar>
      <scalar dataType="xsd:double" dictRef="cdk:bondOrderSum">2.0</scalar>
      <scalar dataType="xsd:integer" dictRef="cdk:formalNeighbourCount">1</scalar>
      <scalar dataType="xsd:integer" dictRef="cdk:valency">6</scalar>
    </atom>
      <scalar dataType="xsd:string" dictRef="cdk:hybridization">sp2</scalar>
      <scalar dataType="xsd:string" dictRef="cdk:DA">A</scalar>
      <scalar dataType="xsd:string" dictRef="cdk:sphericalMatcher">S-[1];[H]{0,2}+=C.*+</scalar>
  </atomType>      
  <atomType id="twoSingleBondedSN">
    <!-- S in e.g. sulfonoxide  -->
    <label value=">SN"/>
    <atom elementType="S" formalCharge="0">
      <scalar dataType="xsd:double" dictRef="cdk:maxBondOrder">2.0</scalar>
      <scalar dataType="xsd:double" dictRef="cdk:bondOrderSum">4.0</scalar>
      <scalar dataType="xsd:integer" dictRef="cdk:formalNeighbourCount">3</scalar>
      <scalar dataType="xsd:integer" dictRef="cdk:valency">6</scalar>
    </atom>
      <scalar dataType="xsd:string" dictRef="cdk:hybridization">sp2</scalar>
      <scalar dataType="xsd:string" dictRef="cdk:DA">-</scalar>
      <scalar dataType="xsd:string" dictRef="cdk:sphericalMatcher">S-[1-3];[H]{0,2}+=[ON].*+</scalar>
  </atomType>        
  <atomType id="SO2">
    <!-- for examples in sulfones or sulfates  -->
    <atom elementType="S" formalCharge="0">
      <scalar dataType="xsd:double" dictRef="cdk:maxBondOrder">2.0</scalar>
      <scalar dataType="xsd:double" dictRef="cdk:bondOrderSum">4.0</scalar>
      <scalar dataType="xsd:integer" dictRef="cdk:formalNeighbourCount">4</scalar>
      <scalar dataType="xsd:integer" dictRef="cdk:valency">6</scalar>
    </atom>
      <scalar dataType="xsd:string" dictRef="cdk:hybridization">sp2</scalar>
      <scalar dataType="xsd:string" dictRef="cdk:DA">-</scalar>
      <scalar dataType="xsd:string" dictRef="cdk:sphericalMatcher">S-[3-4];[H]{0,2}+=[OCN]=[OCN]=?+[OCN]{0,2}+[(].*+</scalar>
  </atomType>        
  <atomType id="SX">
    <!-- terminal S  -->
    <atom elementType="S" formalCharge="-1">
      <scalar dataType="xsd:double" dictRef="cdk:maxBondOrder">1.0</scalar>
      <scalar dataType="xsd:double" dictRef="cdk:bondOrderSum">1.0</scalar>
      <scalar dataType="xsd:integer" dictRef="cdk:formalNeighbourCount">1</scalar>
      <scalar dataType="xsd:integer" dictRef="cdk:valency">6</scalar>
    </atom>
      <scalar dataType="xsd:string" dictRef="cdk:hybridization">sp3</scalar>
      <scalar dataType="xsd:string" dictRef="cdk:DA">A</scalar>
      <scalar dataType="xsd:string" dictRef="cdk:sphericalMatcher">S-[1-2][-]?+;[H]{0,1}+[A-Za-z]{0,2}+[(].*+s</scalar>
  </atomType>        
  <atomType id="SO2M">
    <!-- S in anionic sulfinate group -->
    <atom elementType="S" formalCharge="-1">
      <scalar dataType="xsd:double" dictRef="cdk:maxBondOrder">2.0</scalar>
      <scalar dataType="xsd:double" dictRef="cdk:bondOrderSum">5.0</scalar>
      <scalar dataType="xsd:integer" dictRef="cdk:formalNeighbourCount">3</scalar>
      <scalar dataType="xsd:integer" dictRef="cdk:valency">6</scalar>
    </atom>
      <scalar dataType="xsd:string" dictRef="cdk:hybridization">sp2</scalar>
      <scalar dataType="xsd:string" dictRef="cdk:DA">-</scalar>
      <scalar dataType="xsd:string" dictRef="cdk:sphericalMatcher">S-[3];=OO[-]?+[A-Za-z]{1,2}+[-]?+[(].*+</scalar>
  </atomType>        
  <atomType id="doubleBondedSO">
    <!-- S in sylfinyl C=S=O  -->
    <label value="=SO"/>
    <atom elementType="S" formalCharge="0">
      <scalar dataType="xsd:double" dictRef="cdk:maxBondOrder">2.0</scalar>
      <scalar dataType="xsd:double" dictRef="cdk:bondOrderSum">4.0</scalar>
      <scalar dataType="xsd:integer" dictRef="cdk:formalNeighbourCount">2</scalar>
      <scalar dataType="xsd:integer" dictRef="cdk:valency">6</scalar>
    </atom>
      <scalar dataType="xsd:string" dictRef="cdk:hybridization">sp2</scalar>
      <scalar dataType="xsd:string" dictRef="cdk:DA">-</scalar>
      <scalar dataType="xsd:string" dictRef="cdk:sphericalMatcher">S-[2];=[A-Za-z]{1,2}=O+[(].*+</scalar>
  </atomType>        
  <atomType id="Sthi">
    <!-- for example in thiophen  -->
    <atom elementType="S" formalCharge="0">
      <scalar dataType="xsd:double" dictRef="cdk:maxBondOrder">1.0</scalar>
      <scalar dataType="xsd:double" dictRef="cdk:bondOrderSum">2.0</scalar>
      <scalar dataType="xsd:integer" dictRef="cdk:formalNeighbourCount">2</scalar>
      <scalar dataType="xsd:integer" dictRef="cdk:valency">6</scalar>
    </atom>
      <scalar dataType="xsd:string" dictRef="cdk:hybridization">sp2</scalar>
      <scalar dataType="xsd:string" dictRef="cdk:DA">A</scalar>
      <scalar dataType="xsd:string" dictRef="cdk:sphericalMatcher">S-[2];[H]{0,3}+=C.*+</scalar>
      <scalar dataType="xsd:string" dictRef="cdk:ringSize">5</scalar> 
      <scalar dataType="xsd:integer" dictRef="cdk:aromaticAtom">4</scalar>
      <scalar dataType="xsd:integer" dictRef="cdk:ringConstant">8</scalar> 
  </atomType>        
  <atomType id="PTET">
    <!-- P tetracoodinated  -->
    <atom elementType="P" formalCharge="0">
      <scalar dataType="xsd:double" dictRef="cdk:maxBondOrder">2.0</scalar>
      <scalar dataType="xsd:double" dictRef="cdk:bondOrderSum">5.0</scalar>
      <scalar dataType="xsd:integer" dictRef="cdk:formalNeighbourCount">4</scalar>
      <scalar dataType="xsd:integer" dictRef="cdk:valency">5</scalar>
    </atom>
      <scalar dataType="xsd:string" dictRef="cdk:hybridization">sp2</scalar>
      <scalar dataType="xsd:string" dictRef="cdk:DA">-</scalar>
      <scalar dataType="xsd:string" dictRef="cdk:sphericalMatcher">P-[4];.*+</scalar>
  </atomType>        
  <atomType id="P">
    <!-- P tricoordinated  -->
    <atom elementType="P" formalCharge="0">
      <scalar dataType="xsd:double" dictRef="cdk:maxBondOrder">1.0</scalar>
      <scalar dataType="xsd:double" dictRef="cdk:bondOrderSum">3.0</scalar>
      <scalar dataType="xsd:integer" dictRef="cdk:formalNeighbourCount">3</scalar>
      <scalar dataType="xsd:integer" dictRef="cdk:valency">5</scalar>
    </atom>
      <scalar dataType="xsd:string" dictRef="cdk:hybridization">sp3</scalar>
      <scalar dataType="xsd:string" dictRef="cdk:DA">A</scalar>
      <scalar dataType="xsd:string" dictRef="cdk:sphericalMatcher">P-[0-3];.*+</scalar>
  </atomType>        
 <atomType id="singleBondedPdoubleBondedC">
    <!-- -P=C  -->
    <label value="-P=C"/>
    <atom elementType="P" formalCharge="0">
      <scalar dataType="xsd:double" dictRef="cdk:maxBondOrder">2.0</scalar>
      <scalar dataType="xsd:double" dictRef="cdk:bondOrderSum">3.0</scalar>
      <scalar dataType="xsd:integer" dictRef="cdk:formalNeighbourCount">2</scalar>
      <scalar dataType="xsd:integer" dictRef="cdk:valency">5</scalar>
    </atom>
      <scalar dataType="xsd:string" dictRef="cdk:hybridization">sp2</scalar>
      <scalar dataType="xsd:string" dictRef="cdk:DA">-</scalar>
      <scalar dataType="xsd:string" dictRef="cdk:sphericalMatcher">P-[2];=C[A-Za-z]{1,2}+[(].*+</scalar>
  </atomType>      
  <atomType id="F">
    <!-- Fluorine  -->
    <atom elementType="F" formalCharge="0">
      <scalar dataType="xsd:double" dictRef="cdk:maxBondOrder">1.0</scalar>
      <scalar dataType="xsd:double" dictRef="cdk:bondOrderSum">1.0</scalar>
      <scalar dataType="xsd:integer" dictRef="cdk:formalNeighbourCount">1</scalar>
      <scalar dataType="xsd:integer" dictRef="cdk:valency">7</scalar>
    </atom>
      <scalar dataType="xsd:string" dictRef="cdk:hybridization">sp3</scalar>
      <scalar dataType="xsd:string" dictRef="cdk:DA">A</scalar>
      <scalar dataType="xsd:string" dictRef="cdk:sphericalMatcher">F-[0-7][+]?+;.*+</scalar>
  </atomType>       
  <atomType id="CL">
    <!--   -->
    <atom elementType="Cl" formalCharge="0">
      <scalar dataType="xsd:double" dictRef="cdk:maxBondOrder">1.0</scalar>
      <scalar dataType="xsd:double" dictRef="cdk:bondOrderSum">1.0</scalar>
      <scalar dataType="xsd:integer" dictRef="cdk:formalNeighbourCount">1</scalar>
      <scalar dataType="xsd:integer" dictRef="cdk:valency">7</scalar>
    </atom>
      <scalar dataType="xsd:string" dictRef="cdk:hybridization">sp3</scalar>
      <scalar dataType="xsd:string" dictRef="cdk:DA">A</scalar>
      <scalar dataType="xsd:string" dictRef="cdk:sphericalMatcher">Cl-[0-7][+]?+;.*+</scalar>
  </atomType>         
 <atomType id="BR">
    <!--   -->
    <atom elementType="Br" formalCharge="0">
      <scalar dataType="xsd:double" dictRef="cdk:maxBondOrder">1.0</scalar>
      <scalar dataType="xsd:double" dictRef="cdk:bondOrderSum">1.0</scalar>
      <scalar dataType="xsd:integer" dictRef="cdk:formalNeighbourCount">1</scalar>
      <scalar dataType="xsd:integer" dictRef="cdk:valency">7</scalar>
    </atom>
      <scalar dataType="xsd:string" dictRef="cdk:hybridization">sp3</scalar>
      <scalar dataType="xsd:string" dictRef="cdk:DA">A</scalar>
      <scalar dataType="xsd:string" dictRef="cdk:sphericalMatcher">Br-[0-7][+]?+;.*+</scalar>
  </atomType>         
  <atomType id="I">
    <!--   -->
    <atom elementType="I" formalCharge="0">
      <scalar dataType="xsd:double" dictRef="cdk:maxBondOrder">1.0</scalar>
      <scalar dataType="xsd:double" dictRef="cdk:bondOrderSum">1.0</scalar>
      <scalar dataType="xsd:integer" dictRef="cdk:formalNeighbourCount">1</scalar>
      <scalar dataType="xsd:integer" dictRef="cdk:valency">7</scalar>
    </atom>
      <scalar dataType="xsd:string" dictRef="cdk:hybridization">sp3</scalar>
      <scalar dataType="xsd:string" dictRef="cdk:DA">A</scalar>
      <scalar dataType="xsd:string" dictRef="cdk:sphericalMatcher">I.*+</scalar>
  </atomType>         
  <atomType id="SI">
    <!--   -->
    <atom elementType="Si" formalCharge="0">
      <scalar dataType="xsd:double" dictRef="cdk:maxBondOrder">1.0</scalar>
      <scalar dataType="xsd:double" dictRef="cdk:bondOrderSum">4.0</scalar>
      <scalar dataType="xsd:integer" dictRef="cdk:formalNeighbourCount">4</scalar>
      <scalar dataType="xsd:integer" dictRef="cdk:valency">4</scalar>
    </atom>
      <scalar dataType="xsd:string" dictRef="cdk:hybridization">sp3</scalar>
      <scalar dataType="xsd:string" dictRef="cdk:DA">-</scalar>
      <scalar dataType="xsd:string" dictRef="cdk:sphericalMatcher">Si.*+</scalar>
  </atomType>         
 <atomType id="CL04">
    <!--   -->
    <atom elementType="Cl" formalCharge="0">
      <scalar dataType="xsd:double" dictRef="cdk:maxBondOrder">2.0</scalar>
      <scalar dataType="xsd:double" dictRef="cdk:bondOrderSum">7.0</scalar>
      <scalar dataType="xsd:integer" dictRef="cdk:formalNeighbourCount">4</scalar>
      <scalar dataType="xsd:integer" dictRef="cdk:valency">7</scalar>
    </atom>
      <scalar dataType="xsd:string" dictRef="cdk:DA">A</scalar>
      <scalar dataType="xsd:string" dictRef="cdk:sphericalMatcher">Cl[4];.*+</scalar>
  </atomType>         
  <atomType id="FEplus2">
    <!--   -->
    <label value="FE+2"/>
    <atom elementType="Fe" formalCharge="2">
      <scalar dataType="xsd:double" dictRef="cdk:maxBondOrder">0</scalar>
      <scalar dataType="xsd:double" dictRef="cdk:bondOrderSum">0</scalar>
      <scalar dataType="xsd:integer" dictRef="cdk:formalNeighbourCount">0</scalar>
      <scalar dataType="xsd:integer" dictRef="cdk:valency">0</scalar>
    </atom>
      <scalar dataType="xsd:string" dictRef="cdk:DA">-</scalar>
      <scalar dataType="xsd:string" dictRef="cdk:sphericalMatcher">"Fe2[+].*+</scalar>
  </atomType>         
 <atomType id="FEplus3">
    <!--   -->
    <label value="FE+3"/>
    <atom elementType="Fe" formalCharge="3">
      <scalar dataType="xsd:double" dictRef="cdk:maxBondOrder">0</scalar>
      <scalar dataType="xsd:double" dictRef="cdk:bondOrderSum">0</scalar>
      <scalar dataType="xsd:integer" dictRef="cdk:formalNeighbourCount">0</scalar>
    </atom>
      <scalar dataType="xsd:string" dictRef="cdk:DA">-</scalar>
      <scalar dataType="xsd:string" dictRef="cdk:sphericalMatcher">"Fe3[+].*+</scalar>
  </atomType>         
  <atomType id="F-">
    <!--   -->
    <atom elementType="F" formalCharge="-1">
      <scalar dataType="xsd:double" dictRef="cdk:maxBondOrder">0</scalar>
      <scalar dataType="xsd:double" dictRef="cdk:bondOrderSum">0</scalar>
      <scalar dataType="xsd:integer" dictRef="cdk:formalNeighbourCount">0</scalar>
      <scalar dataType="xsd:integer" dictRef="cdk:valency">7</scalar>
    </atom>
      <scalar dataType="xsd:string" dictRef="cdk:DA">A</scalar>
      <scalar dataType="xsd:string" dictRef="cdk:sphericalMatcher">F-[0-2][-];.*</scalar>
  </atomType>         
  <atomType id="CL-">
    <!--   -->
    <atom elementType="Cl" formalCharge="-1">
      <scalar dataType="xsd:double" dictRef="cdk:maxBondOrder">0</scalar>
      <scalar dataType="xsd:double" dictRef="cdk:bondOrderSum">0</scalar>
      <scalar dataType="xsd:integer" dictRef="cdk:formalNeighbourCount">0</scalar>
      <scalar dataType="xsd:integer" dictRef="cdk:valency">7</scalar>
    </atom>
      <scalar dataType="xsd:string" dictRef="cdk:DA">A</scalar>
      <scalar dataType="xsd:string" dictRef="cdk:sphericalMatcher">Cl-[0-2][-];.*+</scalar>
  </atomType>         
  <atomType id="BR-">
    <!--   -->
    <atom elementType="Br" formalCharge="-1">
      <scalar dataType="xsd:double" dictRef="cdk:maxBondOrder">0</scalar>
      <scalar dataType="xsd:double" dictRef="cdk:bondOrderSum">0</scalar>
      <scalar dataType="xsd:integer" dictRef="cdk:formalNeighbourCount">0</scalar>
      <scalar dataType="xsd:integer" dictRef="cdk:valency">7</scalar>
    </atom>
      <scalar dataType="xsd:string" dictRef="cdk:DA">A</scalar>
      <scalar dataType="xsd:string" dictRef="cdk:sphericalMatcher">Br-[0-2][-];.*+</scalar>
  </atomType>         
  <atomType id="LIplus">
    <!--   -->
    <label value="LI+"/>
    <atom elementType="Li" formalCharge="1">
      <scalar dataType="xsd:double" dictRef="cdk:maxBondOrder">0</scalar>
      <scalar dataType="xsd:double" dictRef="cdk:bondOrderSum">0</scalar>
      <scalar dataType="xsd:integer" dictRef="cdk:formalNeighbourCount">0</scalar>
      <scalar dataType="xsd:integer" dictRef="cdk:valency">1</scalar>
    </atom>
      <scalar dataType="xsd:string" dictRef="cdk:DA">-</scalar>
      <scalar dataType="xsd:string" dictRef="cdk:sphericalMatcher">Li-[0-2][+];.*+</scalar>
  </atomType>         
  <atomType id="NAplus">
    <!--   -->
    <label value="NA+"/>
    <atom elementType="Na" formalCharge="1">
      <scalar dataType="xsd:double" dictRef="cdk:maxBondOrder">0</scalar>
      <scalar dataType="xsd:double" dictRef="cdk:bondOrderSum">0</scalar>
      <scalar dataType="xsd:integer" dictRef="cdk:formalNeighbourCount">0</scalar>
      <scalar dataType="xsd:integer" dictRef="cdk:valency">1</scalar>
    </atom>
      <scalar dataType="xsd:string" dictRef="cdk:DA">-</scalar>
      <scalar dataType="xsd:string" dictRef="cdk:sphericalMatcher">Na[+];.*+</scalar>
  </atomType>        
  <atomType id="Kplus">
    <!--   -->
    <label value="K+"/>
    <atom elementType="K" formalCharge="1">
      <scalar dataType="xsd:double" dictRef="cdk:maxBondOrder">0</scalar>
      <scalar dataType="xsd:double" dictRef="cdk:bondOrderSum">0</scalar>
      <scalar dataType="xsd:integer" dictRef="cdk:formalNeighbourCount">0</scalar>
      <scalar dataType="xsd:integer" dictRef="cdk:valency">1</scalar>
    </atom>
      <scalar dataType="xsd:string" dictRef="cdk:DA">-</scalar>
      <scalar dataType="xsd:string" dictRef="cdk:sphericalMatcher">K[+];.*+</scalar>
  </atomType>          
  <atomType id="ZNplus2">
    <!--   -->
    <label value="ZN+2"/>
    <atom elementType="Zn" formalCharge="2">
      <scalar dataType="xsd:double" dictRef="cdk:maxBondOrder">0</scalar>
      <scalar dataType="xsd:double" dictRef="cdk:bondOrderSum">0</scalar>
      <scalar dataType="xsd:integer" dictRef="cdk:formalNeighbourCount">0</scalar>
      <scalar dataType="xsd:integer" dictRef="cdk:valency">0</scalar>
    </atom>
      <scalar dataType="xsd:string" dictRef="cdk:DA">-</scalar>
      <scalar dataType="xsd:string" dictRef="cdk:sphericalMatcher">Zn2[+];.*+</scalar>
  </atomType>         
  <atomType id="CAplus2">
    <!--   -->
    <label value="CA+2"/>
    <atom elementType="Ca" formalCharge="2">
      <scalar dataType="xsd:double" dictRef="cdk:maxBondOrder">0</scalar>
      <scalar dataType="xsd:double" dictRef="cdk:bondOrderSum">0</scalar>
      <scalar dataType="xsd:integer" dictRef="cdk:formalNeighbourCount">0</scalar>
      <scalar dataType="xsd:integer" dictRef="cdk:valency">2</scalar>
    </atom>
      <scalar dataType="xsd:string" dictRef="cdk:DA">-</scalar>
      <scalar dataType="xsd:string" dictRef="cdk:sphericalMatcher">Ca2[+];.*+</scalar>
  </atomType>          
  <atomType id="CUplus1">
    <!--   -->
    <label value="CU+1"/>
    <atom elementType="Cu" formalCharge="1">
      <scalar dataType="xsd:double" dictRef="cdk:maxBondOrder">0</scalar>
      <scalar dataType="xsd:double" dictRef="cdk:bondOrderSum">0</scalar>
      <scalar dataType="xsd:integer" dictRef="cdk:formalNeighbourCount">0</scalar>
      <scalar dataType="xsd:integer" dictRef="cdk:valency">2</scalar>
    </atom>
      <scalar dataType="xsd:string" dictRef="cdk:DA">-</scalar>
      <scalar dataType="xsd:string" dictRef="cdk:sphericalMatcher">Cu[+];.*+</scalar>
  </atomType>          
  <atomType id="CUplus2">
    <!--   -->
    <label value="CU+2"/>
    <atom elementType="Cu" formalCharge="2">
      <scalar dataType="xsd:double" dictRef="cdk:maxBondOrder">0</scalar>
      <scalar dataType="xsd:double" dictRef="cdk:bondOrderSum">0</scalar>
      <scalar dataType="xsd:integer" dictRef="cdk:formalNeighbourCount">0</scalar>
      <scalar dataType="xsd:integer" dictRef="cdk:valency">2</scalar>
    </atom>
      <scalar dataType="xsd:string" dictRef="cdk:DA">-</scalar>
      <scalar dataType="xsd:string" dictRef="cdk:sphericalMatcher">Cu2[+];.*+</scalar>
  </atomType>           
  <atomType id="MGplus2">
    <!--   -->
    <label value="MG+2"/>
    <atom elementType="Mg" formalCharge="2">
      <scalar dataType="xsd:double" dictRef="cdk:maxBondOrder">0</scalar>
      <scalar dataType="xsd:double" dictRef="cdk:bondOrderSum">0</scalar>
      <scalar dataType="xsd:integer" dictRef="cdk:formalNeighbourCount">0</scalar>
      <scalar dataType="xsd:integer" dictRef="cdk:valency">2</scalar>
    </atom>
      <scalar dataType="xsd:string" dictRef="cdk:DA">-</scalar>
      <scalar dataType="xsd:string" dictRef="cdk:sphericalMatcher">Mg2[+];.*+</scalar>
  </atomType>         
  <atomType id="DU">
    <atom elementType="Du" formalCharge="0">
    </atom>
      <scalar dataType="xsd:string" dictRef="cdk:DA">-</scalar>
      <scalar dataType="xsd:string" dictRef="cdk:sphericalMatcher">.*+</scalar>
  </atomType>  
</atomTypeList>
